id;nome;sobrenome
1;Maria;Bernardes
2;Virgínia;Rodrigues
3;Lucrécia;Silva
4;João;Oliveira
5;Igor;Sousa
6;Tiago;Pinheiro
7;Marcelo;Barros
8;Milena;Dias
9;José;Andrade
10;Guilherme;Batista
11;Felipe;Barbosa
12;Daniel;Cardoso
13;Iago;Campos
14;Rita;Carvalho
15;Joana;Castro
16;Vitória;Costa
17;Estér;Lombardi
18;Drica;Lima
19;William;Machado
20;John;Guedes
21;Amanda;Martins
22;Alceu;Marques
23;Luis;Pires
24;Lucas;Medeiros
25;Bruno;Ribeiro
26;Bianca;Reis
27;Caroline;Rocha
28;Antonio;Santana
29;Danilo;Soares
30;Rafael;Teixeira
31;Otávio;Vieira
32;Charles;Almeida
33;yasmin;Alves
34;Roberto;Gomes
35;Taís;Lima
36;Reinaldo;Garcia
37;Fabrício;Nascimento
38;Fabiola;Lopes
39;Patricia;Freitas
40;Luana;Mendes
