id;nome;sobrenome;unidade;salario;nome_completo
1;Matheus;Nunes;11;2500;Matheus Nunes
2;Helena;Marques;5;3000;Helena Marques
3;Valentina;Machado;8;1800;Valentina Machado
4;Manoela;Oliveira;5;2500;Manoela Oliveira
5;Benjamin;Suza;5;2800;Benjamin Suza
6;Bernardo;Silva;10;3100;Bernardo Silva
7;Davi;Reis;5;1700;Davi Reis
8;Lorena;Fernandes;9;2000;Lorena Fernandes
9;Luiza;Moura;2;2500;Luiza Moura
10;Julia;Moraes;6;1800;Julia Moraes
11;Laura;Vieira;9;2000;Laura Vieira
12;Arthur;Pitanga;7;2500;Arthur Pitanga
13;Miguel;Msrtins;1;2500;Miguel Msrtins
14;Pedro;Martins;10;1900;Pedro Martins
15;Gabriel;Andrade;3;3000;Gabriel Andrade
16;Livia;Dias;9;2900;Livia Dias
17;isabella;Carvalho;2;2500;isabella Carvalho
18;Sofia;Cardoso;4;2500;Sofia Cardoso
19;Maria;Lima;13;2000;Maria Lima
20;João;Camargo;1;2500;João Camargo
